question_id,class,abstention,superseded_value_older_session,updated_value_newer_session,invalidated_correct,store_both_correct
01493427,current-value,0,17 postcards,25 postcards,1,1
031748ae,lookback,0,4 engineers,5 engineers,0,1
031748ae_abs,lookback,1,4 engineers,5 engineers,0,0
06db6396,current-value,0,4 projects,5 projects,1,1
07741c44,lookback,0,under my bed,shoe rack in closet,0,1
07741c45,current-value,0,under my bed,shoe rack in closet,1,0
08e075c7,current-value,0,6 months,9 months,1,1
0977f2af,lookback,0,Instant Pot,Air Fryer,0,1
0ddfec37,lookback,0,15 baseballs (first 3 mo),20 baseballs (now),0,1
0ddfec37_abs,lookback,1,15 baseballs,20 baseballs,1,1
0e4e4c46,current-value,0,124 points,132 points,1,1
0f05491a,current-value,0,125 stars,120 stars,1,0
10e09553,lookback,0,7 bass (7/10 trip),9 bass (7/22 trip),0,1
184da446,current-value,0,page 200,page 220,1,1
18bc8abd,current-value,0,Sweet Baby Ray's,Kansas City Masterpiece,1,1
1cea1afa,current-value,0,500 followers,600 followers,1,1
2133c1b5,current-value,0,1 month,3 months,1,1
2133c1b5_abs,current-value,1,1 month,3 months,1,1
22d2cb42,current-value,0,(none: still planning),music shop on Main St,1,1
2698e78f,current-value,0,every two weeks,every week,1,0
2698e78f_abs,current-value,1,every two weeks,every week,1,1
26bdc477,current-value,0,3 trips,5 trips,1,1
3ba21379,current-value,0,Ford Mustang Shelby GT350R,Ford F-150,1,1
41698283,current-value,0,50mm prime lens,70-200mm zoom lens,1,0
42ec0761,current-value,0,no / misplaced it,"yes, has a spare",1,1
45dc21b6,current-value,0,2 recipes,3 recipes,1,1
4b24c848,current-value,0,3 tops,5 tops,1,1
4d6b87c8,current-value,0,20 titles,25 titles,1,1
50635ada,lookback,0,Premier Silver,Premier Gold,0,1
5831f84d,current-value,0,10 videos,15 videos,1,1
59524333,current-value,0,7:00 pm,6:00 pm,1,0
5a4f22c0,current-value,0,(none: company not stated),TechCorp,1,1
5c40ec5b,current-value,0,"(met once, no count)",twice,1,1
603deb26,current-value,0,5 times,10 times,1,1
6071bd76,lookback,0,6 oz per tbsp,5 oz per tbsp,1,0
618f13b2,current-value,0,4 times,6 times,1,1
69fee5aa,current-value,0,37 coins,38 coins,0,0
6a1eabeb,current-value,0,27:12,25:50,1,1
6a27ffc2,current-value,0,20 videos,30 videos,1,1
6aeb4375,current-value,0,3 restaurants,4 restaurants,1,1
6aeb4375_abs,current-value,1,3 restaurants,4 restaurants,1,1
71315a70,current-value,0,5-6 hours,10-12 hours,1,1
72e3ee87,current-value,0,episode 10,50 episodes,1,1
7401057b,current-value,0,one free night,two free nights,1,0
7a87bd0c,current-value,0,3 weeks,4 weeks,1,1
7e974930,current-value,0,$350,$420,1,1
830ce83f,current-value,0,Chicago,the suburbs,1,0
852ce960,current-value,0,"$350,000","$400,000",1,0
89941a93,current-value,0,3 bikes,4 bikes,1,1
89941a94,lookback,0,road bike (3 bikes),gravel bike (4 bikes),1,1
8fb83627,current-value,0,3 issues,5 issues,1,1
945e3d21,current-value,0,twice a week,three times a week,1,1
9bbe84a2,lookback,0,level 100,level 150,0,1
9ea5eabc,current-value,0,Hawaii,Paris,1,1
a1eacc2a,current-value,0,4 stories,7 stories,1,1
a2f3aa27,current-value,0,1250 followers,1300 followers,0,0
affe2881,current-value,0,27 species,32 species,1,1
b01defab,current-value,0,not finished,finished (yes),1,0
b6019101,current-value,0,4 MCU films,5 MCU films,1,1
ba61f0b9,current-value,0,5 women,6 women,1,1
c4ea545c,lookback,0,3x/week (Tue/Thu/Sat),4x/week,0,0
c6853660,lookback,0,one cup,two cups,1,1
c7dc5443,current-value,0,3-2 record,5-2 record,1,1
cc5ded98,current-value,0,about one hour,about two hours,1,1
ce6d2d27,current-value,0,Thursday,Friday,1,1
cf22b7bf,current-value,0,5 pounds,10 pounds,1,1
d7c942c3,current-value,0,no (paper list),yes (same app),1,1
dad224aa,current-value,0,8:30 am,7:30 am,1,1
db467c8c,current-value,0,six months,nine months,1,1
dfde3500,lookback,0,Wednesday (Juan),Thursday (Maria),0,1
e493bb7c,current-value,0,living room,bedroom,1,1
e61a7584,current-value,0,6 months,9 months,1,1
e66b632c,lookback,0,27:45,26:30,0,0
eace081b,current-value,0,Kauai,Oahu,1,1
ed4ddc30,current-value,0,30 dozen,20 dozen,1,0
f685340e,lookback,0,every week,every other week,0,1
f685340e_abs,lookback,1,every week,every other week,0,1
f9e8c073,current-value,0,3 sessions,5 sessions,1,0
